1,BENKADI,2011-03-13 11-51-24,2011-03-13 11-51-24
2,CLONDOUGOU,2011-03-13 11-51-24,2011-03-13 11-51-24
3,DIEBE,2011-03-13 11-51-24,2011-03-13 11-51-24
4,DIEDOUGOU,2011-03-13 11-51-24,2011-03-13 11-51-24
5,DIEKAFO,2011-03-13 11-51-24,2011-03-13 11-51-24
6,DOLEDOUGOU,2011-03-13 11-51-24,2011-03-13 11-51-24
7,FALO,2011-03-13 11-51-24,2011-03-13 11-51-24
8,GUENDO,2011-03-13 11-51-24,2011-03-13 11-51-24
9,JEKAFO,2011-03-13 11-51-24,2011-03-13 11-51-24
10,KONINA,2011-03-13 11-51-24,2011-03-13 11-51-24
11,KUO,2011-03-13 11-51-24,2011-03-13 11-51-24
12,MABA,2011-03-13 11-51-24,2011-03-13 11-51-24
13,NANGOLA,2011-03-13 11-51-24,2011-03-13 11-51-24
