1,AGRICULTEUR,2011-03-13 11-51-24,2011-03-13 11-51-24
2,AIDE SOIGNANTE,2011-03-13 11-51-24,2011-03-13 11-51-24
3,ARTISAN,2011-03-13 11-51-24,2011-03-13 11-51-24
4,COMMERCANT,2011-03-13 11-51-24,2011-03-13 11-51-24
5,ETUDIANT,2011-03-13 11-51-24,2011-03-13 11-51-24
6,ELEVEUR,2011-03-13 11-51-24,2011-03-13 11-51-24
7,ENFANT,2011-03-13 11-51-24,2011-03-13 11-51-24
8,ENSEIGNANT,2011-03-13 11-51-24,2011-03-13 11-51-24
9,FETICHEUR,2011-03-13 11-51-24,2011-03-13 11-51-24
10,FORGERON,2011-03-13 11-51-24,2011-03-13 11-51-24
11,MECANICIEN,2011-03-13 11-51-24,2011-03-13 11-51-24
12,MENAGERE,2011-03-13 11-51-24,2011-03-13 11-51-24
13,MISSION,2011-03-13 11-51-24,2011-03-13 11-51-24
14,NC,2011-03-13 11-51-24,2011-03-13 11-51-24
15,OUVRIER,2011-03-13 11-51-24,2011-03-13 11-51-24
16,POTIERE,2011-03-13 11-51-24,2011-03-13 11-51-24
17,RETRAITE,2011-03-13 11-51-24,2011-03-13 11-51-24
18,TAILLEUR,2011-03-13 11-51-24,2011-03-13 11-51-24
19,TECHNICIEN,2011-03-13 11-51-24,2011-03-13 11-51-24
