1,DIADOUGOUTIKILA,1,2011-03-18 20-06-22,2011-03-18 20-06-22
2,DOUGOUTIKILA,1,2011-03-18 20-06-22,2011-03-18 20-06-22
3,KISSAKORO,1,2011-03-18 20-06-22,2011-03-18 20-06-22
4,KOTULA,1,2011-03-18 20-06-22,2011-03-18 20-06-22
5,NDIA DOUGOUTIGILA,1,2011-03-18 20-06-22,2011-03-18 20-06-22
6,NIONGEILA,1,2011-03-18 20-06-22,2011-03-18 20-06-22
7,SAKORO,1,2011-03-18 20-06-22,2011-03-18 20-06-22
8,WANI,1,2011-03-18 20-06-22,2011-03-18 20-06-22
9,WOH,1,2011-03-18 20-06-22,2011-03-18 20-06-22
10,DIONDGO,2,2011-03-18 20-06-22,2011-03-18 20-06-22
11,BANATOU,2,2011-03-18 20-06-22,2011-03-18 20-06-22
12,DIARRATOUBOUGOU,2,2011-03-18 20-06-22,2011-03-18 20-06-22
13,DJIDIANA,2,2011-03-18 20-06-22,2011-03-18 20-06-22
14,DJIGUELA,2,2011-03-18 20-06-22,2011-03-18 20-06-22
15,DONMA,2,2011-03-18 20-06-22,2011-03-18 20-06-22
16,DOUGAZANA,2,2011-03-18 20-06-22,2011-03-18 20-06-22
17,MENA,2,2011-03-18 20-06-22,2011-03-18 20-06-22
18,NIONFALENA,2,2011-03-18 20-06-22,2011-03-18 20-06-22
19,NIONTONNA,2,2011-03-18 20-06-22,2011-03-18 20-06-22
20,DIEBE,3,2011-03-18 20-06-22,2011-03-18 20-06-22
21,MONKELE,3,2011-03-18 20-06-22,2011-03-18 20-06-22
22,ZANZOUNA,3,2011-03-18 20-06-22,2011-03-18 20-06-22
23,BELEKO,4,2011-03-18 20-06-22,2011-03-18 20-06-22
24,BLEMJO BOUGOULA,4,2011-03-18 20-06-22,2011-03-18 20-06-22
25,BONKORO,4,2011-03-18 20-06-22,2011-03-18 20-06-22
26,CINGALA,4,2011-03-18 20-06-22,2011-03-18 20-06-22
27,DIANA,4,2011-03-18 20-06-22,2011-03-18 20-06-22
28,DIAWARELA,4,2011-03-18 20-06-22,2011-03-18 20-06-22
29,DOUGOUYALA,4,2011-03-18 20-06-22,2011-03-18 20-06-22
30,FAMOLA,4,2011-03-18 20-06-22,2011-03-18 20-06-22
31,FATIEBOUGOU,4,2011-03-18 20-06-22,2011-03-18 20-06-22
32,FIENKALA,4,2011-03-18 20-06-22,2011-03-18 20-06-22
33,FLALA DAMENE,4,2011-03-18 20-06-22,2011-03-18 20-06-22
34,FLALA FAYIRI,4,2011-03-18 20-06-22,2011-03-18 20-06-22
35,FOUGADOUGOU BOUGOULA,4,2011-03-18 20-06-22,2011-03-18 20-06-22
36,FOUGADOUGOU NTIOLA,4,2011-03-18 20-06-22,2011-03-18 20-06-22
37,FOUGADOUGOU ZABTYANA,4,2011-03-18 20-06-22,2011-03-18 20-06-22
38,GAKOUNGO,4,2011-03-18 20-06-22,2011-03-18 20-06-22
39,GUEGUENABAMANA,4,2011-03-18 20-06-22,2011-03-18 20-06-22
40,GUEGUENAFLALA,4,2011-03-18 20-06-22,2011-03-18 20-06-22
41,GUELECOU,4,2011-03-18 20-06-22,2011-03-18 20-06-22
42,KINDIA,4,2011-03-18 20-06-22,2011-03-18 20-06-22
43,KOLOGNA,4,2011-03-18 20-06-22,2011-03-18 20-06-22
44,KOLOKO,4,2011-03-18 20-06-22,2011-03-18 20-06-22
45,KOLONI,4,2011-03-18 20-06-22,2011-03-18 20-06-22
46,KORODOUGOU FALANE,4,2011-03-18 20-06-22,2011-03-18 20-06-22
47,KORODOUGOU MARKA,4,2011-03-18 20-06-22,2011-03-18 20-06-22
48,MISSIRILA,4,2011-03-18 20-06-22,2011-03-18 20-06-22
49,N GOLOBALA,4,2011-03-18 20-06-22,2011-03-18 20-06-22
50,N GOLOKOUNA,4,2011-03-18 20-06-22,2011-03-18 20-06-22
51,NOUMOUNA,4,2011-03-18 20-06-22,2011-03-18 20-06-22
52,SEYLA,4,2011-03-18 20-06-22,2011-03-18 20-06-22
53,SOKOURA,4,2011-03-18 20-06-22,2011-03-18 20-06-22
54,TELEBE BOUGOULA,4,2011-03-18 20-06-22,2011-03-18 20-06-22
55,THIO,4,2011-03-18 20-06-22,2011-03-18 20-06-22
56,TIECOUMELA,4,2011-03-18 20-06-22,2011-03-18 20-06-22
57,BOUKOURALA,5,2011-03-18 20-06-22,2011-03-18 20-06-22
58,NONSONBOUGOU,5,2011-03-18 20-06-22,2011-03-18 20-06-22
59,BANANTOU,6,2011-03-18 20-06-22,2011-03-18 20-06-22
60,DANDOUGOU,6,2011-03-18 20-06-22,2011-03-18 20-06-22
61,KOUMARELA,6,2011-03-18 20-06-22,2011-03-18 20-06-22
62,MASSALA,6,2011-03-18 20-06-22,2011-03-18 20-06-22
63,NIONTONNA,6,2011-03-18 20-06-22,2011-03-18 20-06-22
64,SIANA,6,2011-03-18 20-06-22,2011-03-18 20-06-22
65,WASSANDJILA,6,2011-03-18 20-06-22,2011-03-18 20-06-22
66,ZAMBALA,6,2011-03-18 20-06-22,2011-03-18 20-06-22
67,BENADIANA,7,2011-03-18 20-06-22,2011-03-18 20-06-22
68,KALA,7,2011-03-18 20-06-22,2011-03-18 20-06-22
69,KANKO,7,2011-03-18 20-06-22,2011-03-18 20-06-22
70,SIAKORO,7,2011-03-18 20-06-22,2011-03-18 20-06-22
71,SIANA,7,2011-03-18 20-06-22,2011-03-18 20-06-22
72,TIANABOUGOU,7,2011-03-18 20-06-22,2011-03-18 20-06-22
73,ZANA,7,2011-03-18 20-06-22,2011-03-18 20-06-22
74,BAGUINI,8,2011-03-18 20-06-22,2011-03-18 20-06-22
75,GUENDO,8,2011-03-18 20-06-22,2011-03-18 20-06-22
76,WONDIA,9,2011-03-18 20-06-22,2011-03-18 20-06-22
77,BETIELA,10,2011-03-18 20-06-22,2011-03-18 20-06-22
78,FILIMA,10,2011-03-18 20-06-22,2011-03-18 20-06-22
79,KOLOLA,10,2011-03-18 20-06-22,2011-03-18 20-06-22
80,KONINA,10,2011-03-18 20-06-22,2011-03-18 20-06-22
81,NIAMBELA,10,2011-03-18 20-06-22,2011-03-18 20-06-22
82,TEBOUGOU,10,2011-03-18 20-06-22,2011-03-18 20-06-22
83,KUO,11,2011-03-18 20-06-22,2011-03-18 20-06-22
84,MABA,12,2011-03-18 20-06-22,2011-03-18 20-06-22
85,BELEKOU,13,2011-03-18 20-06-22,2011-03-18 20-06-22
86,NANGOLA,13,2011-03-18 20-06-22,2011-03-18 20-06-22
